{
  "project_info": {
    "project_number": "124002603172",
    "project_id": "utad2425bmh",
    "storage_bucket": "utad2425bmh.firebasestorage.app"
  },
  "client": [
    {
      "client_info": {
        "mobilesdk_app_id": "1:124002603172:android:74c1bad68774683b789631",
        "android_client_info": {
          "package_name": "com.example.inicio"
        }
      },
      "oauth_client": [],
      "api_key": [
        {
          "current_key": "AIzaSyA9gMxX1phBAHKDVi3t54Yla7bKxiOdITI"
        }
      ],
      "services": {
        "appinvite_service": {
          "other_platform_oauth_client": []
        }
      }
    }
  ],
  "configuration_version": "1"
}